predicted_phred,program,nfrags,fraglen,qual_shift,n_matches,n_mismatches,n_total,observed_phred_mean,observed_phred_lower,observed_phred_higher,alpha
0,fastp,100000000,120,-20,0,133492832,133492832,0.0,0.0,0.0,0.01
1,fastp,100000000,120,-20,712669,2756955,3469624,0.9985273578784176,0.9954749915623895,1.0015818710081312,0.01
2,fastp,100000000,120,-20,136601,233604,370205,1.9996200512494857,1.9855833509057699,2.0137022663335866,0.01
3,fastp,100000000,120,-20,5302381,5337669,10640050,2.9959203003291863,2.9925035098235746,2.9993397810946343,0.01
4,fastp,100000000,120,-20,3927594,2331956,6259550,4.288227610622204,4.282428745906335,4.294034228555824,0.01
5,fastp,100000000,120,-20,14229763,5537287,19767050,5.52644827032249,5.522416654131828,5.53048363259645,0.01
6,fastp,100000000,120,-20,7464018,2102905,9566923,6.579526249147303,6.572717751456761,6.586345437380507,0.01
7,fastp,100000000,120,-20,16367432,3458171,19825603,7.5837994084338085,7.57833702627614,7.589268669610173,0.01
8,fastp,100000000,120,-20,17529225,2782386,20311611,8.633269910627506,8.627044176789926,8.639504582043866,0.01
9,fastp,100000000,120,-20,30210138,3715180,33925318,9.605440671044583,9.59996733445793,9.610920914285838,0.01
10,fastp,100000000,120,-20,4259297,350578,4609875,11.189044902394588,11.170922031766164,11.207243715784205,0.01
11,fastp,100000000,120,-20,33389789,2469943,35859732,11.619201085470412,11.612338021537695,11.626075012126442,0.01
12,fastp,100000000,120,-20,14342799,678829,15021628,13.449566154072752,13.436319166338667,13.4628536718456,0.01
13,fastp,100000000,120,-20,77408013,3060326,80468339,14.198573448695797,14.192306089574181,14.20484986539607,0.01
14,fastp,100000000,120,-20,172348395,5196194,177544589,15.336220838148027,15.331388392602392,15.3410586668028,0.01
15,fastp,100000000,120,-20,66171757,1922517,68094274,15.49240405156314,15.484458025764145,15.50036464238203,0.01
16,fastp,100000000,120,-20,106868980,2389245,109258225,16.601934548952094,16.59478280144404,16.609098093034195,0.01
17,fastp,100000000,120,-20,158019422,2732870,160752292,17.695382005816324,17.68867801656589,17.702096359685005,0.01
18,fastp,100000000,120,-20,2894455642,38971598,2933427240,18.766271064890567,18.76449141698713,18.768051442355443,0.01
