predicted_phred,program,nfrags,fraglen,qual_shift,n_matches,n_mismatches,n_total,observed_phred_mean,observed_phred_lower,observed_phred_higher,alpha
0,seqtk_adna_trim,100000000,120,-30,30382,37460,67842,2.579308695136924,2.5408008207565724,2.6181610666717496,0.01
1,seqtk_adna_trim,100000000,120,-30,4819,5048,9867,2.9106578196623922,2.801994461982937,3.0221099322818863,0.01
2,seqtk_adna_trim,100000000,120,-30,4239,3349,7588,3.5521217467675807,3.4099916735414753,3.699061097736824,0.01
3,seqtk_adna_trim,100000000,120,-30,4540,3404,7944,3.6804968407477445,3.537914318396422,3.827919833150546,0.01
4,seqtk_adna_trim,100000000,120,-30,11645,6170,17815,4.605006626537928,4.491364036789563,4.721703009694641,0.01
5,seqtk_adna_trim,100000000,120,-30,7501,2602,10103,5.89143060763657,5.706460803708424,6.084630252053042,0.01
6,seqtk_adna_trim,100000000,120,-30,4888,1206,6094,7.0355514208252234,6.756231902346181,7.334077955690351,0.01
7,seqtk_adna_trim,100000000,120,-30,9854,1666,11520,8.397774820164244,8.151416194340396,8.658953313971358,0.01
8,seqtk_adna_trim,100000000,120,-30,446930,17897,464827,14.145111085041597,14.063880887034838,14.227889614042544,0.01
