predicted_phred,program,nfrags,fraglen,qual_shift,observed_phred,n_matches,n_mismatches,n_total,observed_phred_unrounded
0,seqtk_adna_trim,10000000,120,-30,3,10365,12831,23196,2.571525950997043
1,seqtk_adna_trim,10000000,120,-30,3,1722,1700,3422,3.038310838268075
2,seqtk_adna_trim,10000000,120,-30,4,1502,1122,2624,3.6897097378348005
3,seqtk_adna_trim,10000000,120,-30,4,1549,1114,2663,3.7848597560123114
4,seqtk_adna_trim,10000000,120,-30,5,4040,1863,5903,5.008599283249521
5,seqtk_adna_trim,10000000,120,-30,6,2718,809,3527,6.3945693805521735
6,seqtk_adna_trim,10000000,120,-30,7,1703,403,2106,7.181533207083584
7,seqtk_adna_trim,10000000,120,-30,9,3421,529,3950,8.731414235912744
8,seqtk_adna_trim,10000000,120,-30,14,154980,6069,161049,14.23840895013084
