,program,nfrags,fraglen,qual_shift,alpha,predicted_phred,predicted_error,n_matches,n_mismatches,n_total,p_mismatch,p_mismatch_lower,p_mismatch_upper,observed_phred,observed_phred_lower,observed_phred_upper
0,seqtk_adna_trim,100000000,120,-30,0.01,0,1.0,30382,37460,67842,0.5521653253147019,0.547236738002756,0.5570865826824025,2.579308695136924,2.5407730130929855,2.6182475453300857
1,seqtk_adna_trim,100000000,120,-30,0.01,1,0.7943282347242815,4819,5048,9867,0.5116043376912942,0.4985884070016282,0.5246090219778066,2.9106578196623922,2.8016424489037473,3.022578237739913
2,seqtk_adna_trim,100000000,120,-30,0.01,2,0.6309573444801932,4239,3349,7588,0.44135477069056406,0.42664654584175876,0.45613695586265357,3.5521217467675807,3.4090474013126384,3.699317660935394
3,seqtk_adna_trim,100000000,120,-30,0.01,3,0.5011872336272722,4540,3404,7944,0.4284994964753273,0.4141815762272191,0.442903539369229,3.6804968407477445,3.5369084912959274,3.8280922345514767
4,seqtk_adna_trim,100000000,120,-30,0.01,4,0.3981071705534972,11645,6170,17815,0.34633735616053885,0.33716914362319583,0.35558796257545855,4.605006626537928,4.490529492640839,4.721521771295927
5,seqtk_adna_trim,100000000,120,-30,0.01,5,0.31622776601683794,7501,2602,10103,0.2575472631891517,0.24640830152058313,0.2689158706722602,5.89143060763657,5.70383566159022,6.083446648361494
6,seqtk_adna_trim,100000000,120,-30,0.01,6,0.251188643150958,4888,1206,6094,0.19789957335083688,0.18491199161156058,0.21136265190492665,7.0355514208252234,6.749717507304419,7.330349237685749
7,seqtk_adna_trim,100000000,120,-30,0.01,7,0.19952623149688797,9854,1666,11520,0.14461805555555557,0.13628233295059022,0.1532492838667937,8.397774820164244,8.146015462609435,8.655604405657414
8,seqtk_adna_trim,100000000,120,-30,0.01,8,0.15848931924611134,446930,17897,464827,0.038502496627777646,0.03777922200410122,0.039235235709948246,14.145111085041597,14.063237339755526,14.22746989844698
