,program,nfrags,fraglen,qual_shift,alpha,predicted_phred,predicted_error,n_matches,n_mismatches,n_total,p_mismatch,p_mismatch_lower,p_mismatch_upper,observed_phred,observed_phred_lower,observed_phred_upper
0,seqtk_adna_trim,100000000,120,-30,0.01,0,1.0,43291,54736,98027,0.5583767737460088,0.5542835217720834,0.5624643507257737,2.530726549331242,2.499049981476353,2.562680323038595
1,seqtk_adna_trim,100000000,120,-30,0.01,1,0.7943282347242815,7184,7296,14480,0.5038674033149171,0.4931304062177302,0.5146018485768582,2.9768373654076834,2.885286580298951,3.070382182243841
2,seqtk_adna_trim,100000000,120,-30,0.01,2,0.6309573444801932,6136,4579,10715,0.4273448436770882,0.4150228207284403,0.4397316986517783,3.6922153185015016,3.568122265491611,3.8192802221815922
3,seqtk_adna_trim,100000000,120,-30,0.01,3,0.5011872336272722,6351,4603,10954,0.42021179477816323,0.4080552254640385,0.432438004838971,3.7653176169879217,3.64076145045866,3.892810562943463
4,seqtk_adna_trim,100000000,120,-30,0.01,4,0.3981071705534972,17192,8234,25426,0.32384173680484546,0.316296598973959,0.33145301721184905,4.896671799929582,4.79578023252296,4.999054778749299
5,seqtk_adna_trim,100000000,120,-30,0.01,5,0.31622776601683794,11034,3581,14615,0.24502223742730073,0.23590837365638895,0.25430290574860426,6.107944986815523,5.946486774044136,6.272566433949452
6,seqtk_adna_trim,100000000,120,-30,0.01,6,0.251188643150958,7277,1560,8837,0.1765304967749236,0.1662035973068512,0.187208138899975,7.531802566390134,7.2767527417424125,7.793595805903677
7,seqtk_adna_trim,100000000,120,-30,0.01,7,0.19952623149688797,14595,2376,16971,0.14000353544281421,0.13321502045853484,0.14699502310179613,8.538609971509157,8.326973691703074,8.75446804186131
8,seqtk_adna_trim,100000000,120,-30,0.01,8,0.15848931924611134,648820,25475,674295,0.03778020006080425,0.037184638546866156,0.03838229397162474,14.227357466504667,14.158690726061163,14.296364357137957
